name,label
atelerix/00000055.jpg,atelerix
atelerix/00000031.jpg,atelerix
atelerix/00000007.jpg,atelerix
atelerix/00000001.jpg,atelerix
atelerix/00000073.jpg,atelerix
atelerix/00000059.jpg,atelerix
atelerix/00000062.jpg,atelerix
atelerix/00000057.jpg,atelerix
atelerix/00000050.jpg,atelerix
atelerix/00000015.jpg,atelerix
atelerix/00000054.jpg,atelerix
atelerix/00000040.jpg,atelerix
atelerix/00000048.jpg,atelerix
atelerix/00000035.jpg,atelerix
atelerix/00000075.jpg,atelerix
atelerix/00000037.jpg,atelerix
atelerix/00000079.jpg,atelerix
atelerix/00000070.jpg,atelerix
atelerix/00000072.jpg,atelerix
atelerix/00000019.jpg,atelerix
atelerix/00000011.jpg,atelerix
atelerix/00000029.jpg,atelerix
atelerix/00000017.jpg,atelerix
atelerix/00000021.jpg,atelerix
atelerix/00000071.jpg,atelerix
atelerix/00000025.jpg,atelerix
atelerix/00000064.jpg,atelerix
atelerix/00000013.jpg,atelerix
atelerix/00000033.jpg,atelerix
atelerix/00000030.jpg,atelerix
atelerix/00000069.jpg,atelerix
atelerix/00000077.jpg,atelerix
atelerix/00000016.jpg,atelerix
atelerix/00000034.jpg,atelerix
atelerix/00000063.jpg,atelerix
atelerix/00000020.jpg,atelerix
atelerix/00000051.jpg,atelerix
atelerix/00000076.jpg,atelerix
atelerix/00000003.jpg,atelerix
atelerix/00000026.jpg,atelerix
atelerix/00000008.jpg,atelerix
atelerix/00000043.jpg,atelerix
atelerix/00000009.jpg,atelerix
atelerix/00000044.jpg,atelerix
atelerix/00000065.jpg,atelerix
atelerix/00000058.jpg,atelerix
atelerix/00000006.jpg,atelerix
atelerix/00000024.jpg,atelerix
atelerix/00000068.jpg,atelerix
atelerix/00000045.jpg,atelerix
atelerix/00000004.jpg,atelerix
atelerix/00000014.jpg,atelerix
atelerix/00000028.jpg,atelerix
atelerix/00000010.jpg,atelerix
atelerix/00000074.jpg,atelerix
atelerix/00000078.jpg,atelerix
atelerix/00000023.jpg,atelerix
atelerix/00000002.jpg,atelerix
atelerix/00000000.jpg,atelerix
atelerix/00000005.jpg,atelerix
atelerix/00000049.jpg,atelerix
atelerix/00000046.jpg,atelerix
atelerix/00000041.jpg,atelerix
atelerix/00000061.jpg,atelerix
atelerix/00000018.jpg,atelerix
atelerix/00000027.jpg,atelerix
atelerix/00000038.jpg,atelerix
atelerix/00000012.jpg,atelerix
atelerix/00000056.jpg,atelerix
paraechinus/00000055.jpg,paraechinus
paraechinus/00000031.jpg,paraechinus
paraechinus/00000007.jpg,paraechinus
paraechinus/00000001.jpg,paraechinus
paraechinus/00000073.jpg,paraechinus
paraechinus/00000059.jpg,paraechinus
paraechinus/00000053.jpg,paraechinus
paraechinus/00000050.jpg,paraechinus
paraechinus/00000015.jpg,paraechinus
paraechinus/00000054.jpg,paraechinus
paraechinus/00000039.jpg,paraechinus
paraechinus/00000040.jpg,paraechinus
paraechinus/00000048.jpg,paraechinus
paraechinus/00000035.jpg,paraechinus
paraechinus/00000037.jpg,paraechinus
paraechinus/00000079.jpg,paraechinus
paraechinus/00000070.jpg,paraechinus
paraechinus/00000072.jpg,paraechinus
paraechinus/00000019.jpg,paraechinus
paraechinus/00000011.jpg,paraechinus
paraechinus/00000029.jpg,paraechinus
paraechinus/00000017.jpg,paraechinus
paraechinus/00000025.jpg,paraechinus
paraechinus/00000032.jpg,paraechinus
paraechinus/00000064.jpg,paraechinus
paraechinus/00000013.jpg,paraechinus
paraechinus/00000033.jpg,paraechinus
paraechinus/00000030.jpg,paraechinus
paraechinus/00000069.jpg,paraechinus
paraechinus/00000077.jpg,paraechinus
paraechinus/00000034.jpg,paraechinus
paraechinus/00000063.jpg,paraechinus
paraechinus/00000020.jpg,paraechinus
paraechinus/00000051.jpg,paraechinus
paraechinus/00000003.jpg,paraechinus
paraechinus/00000067.jpg,paraechinus
paraechinus/00000026.jpg,paraechinus
paraechinus/00000008.jpg,paraechinus
paraechinus/00000043.jpg,paraechinus
paraechinus/00000047.jpg,paraechinus
paraechinus/00000009.jpg,paraechinus
paraechinus/00000044.jpg,paraechinus
paraechinus/00000065.jpg,paraechinus
paraechinus/00000058.jpg,paraechinus
paraechinus/00000006.jpg,paraechinus
paraechinus/00000024.jpg,paraechinus
paraechinus/00000036.jpg,paraechinus
paraechinus/00000068.jpg,paraechinus
paraechinus/00000045.jpg,paraechinus
paraechinus/00000066.jpg,paraechinus
paraechinus/00000004.jpg,paraechinus
paraechinus/00000014.jpg,paraechinus
paraechinus/00000028.jpg,paraechinus
paraechinus/00000010.jpg,paraechinus
paraechinus/00000060.jpg,paraechinus
paraechinus/00000078.jpg,paraechinus
paraechinus/00000052.jpg,paraechinus
paraechinus/00000023.jpg,paraechinus
paraechinus/00000002.jpg,paraechinus
paraechinus/00000000.jpg,paraechinus
paraechinus/00000005.jpg,paraechinus
paraechinus/00000049.jpg,paraechinus
paraechinus/00000046.jpg,paraechinus
paraechinus/00000041.jpg,paraechinus
paraechinus/00000061.jpg,paraechinus
paraechinus/00000018.jpg,paraechinus
paraechinus/00000027.jpg,paraechinus
paraechinus/00000038.jpg,paraechinus
paraechinus/00000012.jpg,paraechinus
paraechinus/00000056.jpg,paraechinus
erinaceus/00000031.jpg,erinaceus
erinaceus/00000007.jpg,erinaceus
erinaceus/00000001.jpg,erinaceus
erinaceus/00000073.jpg,erinaceus
erinaceus/00000062.jpg,erinaceus
erinaceus/00000053.jpg,erinaceus
erinaceus/00000057.jpg,erinaceus
erinaceus/00000042.jpg,erinaceus
erinaceus/00000050.jpg,erinaceus
erinaceus/00000015.jpg,erinaceus
erinaceus/00000048.jpg,erinaceus
erinaceus/00000035.jpg,erinaceus
erinaceus/00000037.jpg,erinaceus
erinaceus/00000070.jpg,erinaceus
erinaceus/00000072.jpg,erinaceus
erinaceus/00000011.jpg,erinaceus
erinaceus/00000029.jpg,erinaceus
erinaceus/00000017.jpg,erinaceus
erinaceus/00000071.jpg,erinaceus
erinaceus/00000032.jpg,erinaceus
erinaceus/00000064.jpg,erinaceus
erinaceus/00000013.jpg,erinaceus
erinaceus/00000077.jpg,erinaceus
erinaceus/00000016.jpg,erinaceus
erinaceus/00000034.jpg,erinaceus
erinaceus/00000063.jpg,erinaceus
erinaceus/00000020.jpg,erinaceus
erinaceus/00000051.jpg,erinaceus
erinaceus/00000076.jpg,erinaceus
erinaceus/00000003.jpg,erinaceus
erinaceus/00000008.jpg,erinaceus
erinaceus/00000047.jpg,erinaceus
erinaceus/00000009.jpg,erinaceus
erinaceus/00000044.jpg,erinaceus
erinaceus/00000065.jpg,erinaceus
erinaceus/00000006.jpg,erinaceus
erinaceus/00000024.jpg,erinaceus
erinaceus/00000068.jpg,erinaceus
erinaceus/00000045.jpg,erinaceus
erinaceus/00000004.jpg,erinaceus
erinaceus/00000014.jpg,erinaceus
erinaceus/00000028.jpg,erinaceus
erinaceus/00000078.jpg,erinaceus
erinaceus/00000052.jpg,erinaceus
erinaceus/00000002.jpg,erinaceus
erinaceus/00000022.jpg,erinaceus
erinaceus/00000000.jpg,erinaceus
erinaceus/00000005.jpg,erinaceus
erinaceus/00000046.jpg,erinaceus
erinaceus/00000027.jpg,erinaceus
erinaceus/00000038.jpg,erinaceus
erinaceus/00000012.jpg,erinaceus
hemiechinus/00000055.jpg,hemiechinus
hemiechinus/00000031.jpg,hemiechinus
hemiechinus/00000007.jpg,hemiechinus
hemiechinus/00000001.jpg,hemiechinus
hemiechinus/00000059.jpg,hemiechinus
hemiechinus/00000062.jpg,hemiechinus
hemiechinus/00000053.jpg,hemiechinus
hemiechinus/00000042.jpg,hemiechinus
hemiechinus/00000050.jpg,hemiechinus
hemiechinus/00000015.jpg,hemiechinus
hemiechinus/00000054.jpg,hemiechinus
hemiechinus/00000039.jpg,hemiechinus
hemiechinus/00000040.jpg,hemiechinus
hemiechinus/00000048.jpg,hemiechinus
hemiechinus/00000035.jpg,hemiechinus
hemiechinus/00000075.jpg,hemiechinus
hemiechinus/00000037.jpg,hemiechinus
hemiechinus/00000070.jpg,hemiechinus
hemiechinus/00000072.jpg,hemiechinus
hemiechinus/00000011.jpg,hemiechinus
hemiechinus/00000029.jpg,hemiechinus
hemiechinus/00000017.jpg,hemiechinus
hemiechinus/00000021.jpg,hemiechinus
hemiechinus/00000025.jpg,hemiechinus
hemiechinus/00000032.jpg,hemiechinus
hemiechinus/00000013.jpg,hemiechinus
hemiechinus/00000033.jpg,hemiechinus
hemiechinus/00000030.jpg,hemiechinus
hemiechinus/00000069.jpg,hemiechinus
hemiechinus/00000077.jpg,hemiechinus
hemiechinus/00000016.jpg,hemiechinus
hemiechinus/00000034.jpg,hemiechinus
hemiechinus/00000063.jpg,hemiechinus
hemiechinus/00000020.jpg,hemiechinus
hemiechinus/00000051.jpg,hemiechinus
hemiechinus/00000076.jpg,hemiechinus
hemiechinus/00000003.jpg,hemiechinus
hemiechinus/00000067.jpg,hemiechinus
hemiechinus/00000026.jpg,hemiechinus
hemiechinus/00000008.jpg,hemiechinus
hemiechinus/00000043.jpg,hemiechinus
hemiechinus/00000047.jpg,hemiechinus
hemiechinus/00000009.jpg,hemiechinus
hemiechinus/00000065.jpg,hemiechinus
hemiechinus/00000006.jpg,hemiechinus
hemiechinus/00000024.jpg,hemiechinus
hemiechinus/00000036.jpg,hemiechinus
hemiechinus/00000068.jpg,hemiechinus
hemiechinus/00000045.jpg,hemiechinus
hemiechinus/00000004.jpg,hemiechinus
hemiechinus/00000014.jpg,hemiechinus
hemiechinus/00000010.jpg,hemiechinus
hemiechinus/00000074.jpg,hemiechinus
hemiechinus/00000060.jpg,hemiechinus
hemiechinus/00000078.jpg,hemiechinus
hemiechinus/00000052.jpg,hemiechinus
hemiechinus/00000023.jpg,hemiechinus
hemiechinus/00000002.jpg,hemiechinus
hemiechinus/00000022.jpg,hemiechinus
hemiechinus/00000000.jpg,hemiechinus
hemiechinus/00000005.jpg,hemiechinus
hemiechinus/00000049.jpg,hemiechinus
hemiechinus/00000046.jpg,hemiechinus
hemiechinus/00000041.jpg,hemiechinus
hemiechinus/00000061.jpg,hemiechinus
hemiechinus/00000018.jpg,hemiechinus
hemiechinus/00000027.jpg,hemiechinus
hemiechinus/00000038.jpg,hemiechinus
hemiechinus/00000012.jpg,hemiechinus
hemiechinus/00000056.jpg,hemiechinus
mesechinus/00000031.jpg,mesechinus
mesechinus/00000001.jpg,mesechinus
mesechinus/00000059.jpg,mesechinus
mesechinus/00000053.jpg,mesechinus
mesechinus/00000037.jpg,mesechinus
mesechinus/00000079.jpg,mesechinus
mesechinus/00000029.jpg,mesechinus
mesechinus/00000017.jpg,mesechinus
mesechinus/00000021.jpg,mesechinus
mesechinus/00000013.jpg,mesechinus
mesechinus/00000030.jpg,mesechinus
mesechinus/00000016.jpg,mesechinus
mesechinus/00000034.jpg,mesechinus
mesechinus/00000020.jpg,mesechinus
mesechinus/00000051.jpg,mesechinus
mesechinus/00000003.jpg,mesechinus
mesechinus/00000009.jpg,mesechinus
mesechinus/00000058.jpg,mesechinus
mesechinus/00000045.jpg,mesechinus
mesechinus/00000004.jpg,mesechinus
mesechinus/00000014.jpg,mesechinus
mesechinus/00000028.jpg,mesechinus
mesechinus/00000010.jpg,mesechinus
mesechinus/00000023.jpg,mesechinus
mesechinus/00000002.jpg,mesechinus
mesechinus/00000022.jpg,mesechinus
mesechinus/00000049.jpg,mesechinus
mesechinus/00000027.jpg,mesechinus
mesechinus/00000038.jpg,mesechinus
mesechinus/00000012.jpg,mesechinus
